{
  "objects": {
    "icons/icon_16x16.png": {
      "hash": "bdf48ef6b5d0d23bbb02e17d04865216179f510a",
      "size": 3665
    },
    "icons/icon_32x32.png": {
      "hash": "92750c5f93c312ba9ab413d546f32190c56d6f1f",
      "size": 5362
    },
    "icons/minecraft.icns": {
      "hash": "991b421dfd401f115241601b2b373140a8d78572",
      "size": 114786
    },
    "lang/af_ZA.lang": {
      "hash": "3ed6b9d3d6c70d9e86bb10604378987f65d1a3ae",
      "size": 77973
    },
    "lang/ar_SA.lang": {
      "hash": "b739f1bcf05e82b225f6e128504af5c96574070f",
      "size": 94338
    },
    "lang/ast_ES.lang": {
      "hash": "6a130a7b8cfe8cf77d8f3d0bf0d625c9bc932b50",
      "size": 79786
    },
    "lang/bg_BG.lang": {
      "hash": "582bd1b3bc99991e20fe1cf0c3fb6297a4032fe9",
      "size": 107294
    },
    "lang/ca_ES.lang": {
      "hash": "cea8602003df57fe675359c162e12518d5377802",
      "size": 80859
    },
    "lang/cs_CZ.lang": {
      "hash": "6f644df36783553adb873892f02c8df31a562ea7",
      "size": 79835
    },
    "lang/cy_GB.lang": {
      "hash": "d60b0fa5b8f302825de6ca7f31be1d56f941aa9e",
      "size": 78011
    },
    "lang/da_DK.lang": {
      "hash": "a01580d5b2079ee690cd4257dcb9b9d5b5827c5c",
      "size": 76874
    },
    "lang/de_DE.lang": {
      "hash": "05e5d4376f243eed7289bca215e149721ef32dbd",
      "size": 79327
    },
    "lang/el_GR.lang": {
      "hash": "4f02b8473cd09ecbac3c205a837411d5d6dd1765",
      "size": 115140
    },
    "lang/en_AU.lang": {
      "hash": "6aeecd3a532caa1c33fe6019779f346537c20c3c",
      "size": 75708
    },
    "lang/en_CA.lang": {
      "hash": "195752f895bf895e0371ea791086b942d2a3a029",
      "size": 75515
    },
    "lang/en_GB.lang": {
      "hash": "3bdb52e1961c9ef22616bf9a8c36052c2d166124",
      "size": 75337
    },
    "lang/en_PT.lang": {
      "hash": "ae9fe232bcd41ea3383126d4032e0c41e5c30986",
      "size": 79997
    },
    "lang/eo_UY.lang": {
      "hash": "48995567bac45b5870fbfd9123c36ee379596ab5",
      "size": 76960
    },
    "lang/es_AR.lang": {
      "hash": "303e0ad5866acbb5251c2050715531ee08dcdd04",
      "size": 79798
    },
    "lang/es_ES.lang": {
      "hash": "7f0b43b1057f864ce183b4950382a6143d048bc0",
      "size": 81340
    },
    "lang/es_MX.lang": {
      "hash": "5841f1c149d75bdb5b5553dacff64d540a66c6e7",
      "size": 80660
    },
    "lang/es_UY.lang": {
      "hash": "048f00a828d2ddc685c28e1e1f6e75ac36059a38",
      "size": 80725
    },
    "lang/es_VE.lang": {
      "hash": "aa9280fff79e512f8e75e9b5f4d5e9d0d8a70237",
      "size": 80955
    },
    "lang/et_EE.lang": {
      "hash": "9efe2b58dc3a37b041520499d5aa014dad864b26",
      "size": 77669
    },
    "lang/eu_ES.lang": {
      "hash": "7f197a6bebf80a5ec109dabe3f2290062333f563",
      "size": 81235
    },
    "lang/fa_IR.lang": {
      "hash": "3f9ad38f61b975ef1bcf7e7b397a3ec781376bf2",
      "size": 91109
    },
    "lang/fi_FI.lang": {
      "hash": "d515d3a178dd2b6cb730090e6dc5808e29060d6c",
      "size": 80076
    },
    "lang/fil_PH.lang": {
      "hash": "a50eab95ec849f45f10a484ac35b2d2fdd537d1c",
      "size": 78520
    },
    "lang/fr_CA.lang": {
      "hash": "c368b10942886c39a54c3359aa2430845c86faba",
      "size": 84088
    },
    "lang/fr_FR.lang": {
      "hash": "5ffe475c57fa72755d143bd6bfa2c36c5ef029cc",
      "size": 82785
    },
    "lang/ga_IE.lang": {
      "hash": "a870a691fd24a42946239b250e6d948d94707fd6",
      "size": 82259
    },
    "lang/gl_ES.lang": {
      "hash": "38517ebb386032e97d3f562f48cd78b6c212de95",
      "size": 79946
    },
    "lang/gv_IM.lang": {
      "hash": "c697ef4aec574fd844c78118ae2650489f54aac0",
      "size": 78624
    },
    "lang/he_IL.lang": {
      "hash": "16765a632f7c13fe608c17aaedaf2b67c36a1f65",
      "size": 89333
    },
    "lang/hi_IN.lang": {
      "hash": "d11b484281827aa380e4beca991b022fde0fb514",
      "size": 115883
    },
    "lang/hr_HR.lang": {
      "hash": "ad97cf18899a1ab1e0ec264d41f2719a14a1566f",
      "size": 77620
    },
    "lang/hu_HU.lang": {
      "hash": "d8526a37e1cb96c2ebc5b9ac09221832b0041fe1",
      "size": 81211
    },
    "lang/hy_AM.lang": {
      "hash": "b5633e1db22d36c993aed2d74a1ed2d506e651fc",
      "size": 100381
    },
    "lang/id_ID.lang": {
      "hash": "c9edd2f96478748e691430f91fa8289172ec38fd",
      "size": 77838
    },
    "lang/is_IS.lang": {
      "hash": "62730f0103a559ff127d99ab5ffc19ad730f851e",
      "size": 78101
    },
    "lang/it_IT.lang": {
      "hash": "d7f96fcc625dfe124deb0cb00809442e2c109867",
      "size": 83257
    },
    "lang/ja_JP.lang": {
      "hash": "a7e4e9e58b319939998067ce7d4286366a3aea72",
      "size": 90680
    },
    "lang/ka_GE.lang": {
      "hash": "747ded357960f6f911492e3840c11852938b0f04",
      "size": 129291
    },
    "lang/ko_KR.lang": {
      "hash": "ab1bc52bfa5c170b5b1f99906fc849c89b3f8ddd",
      "size": 85215
    },
    "lang/kw_GB.lang": {
      "hash": "90f64ff1aa400e252d4c84a642c9e191b631209d",
      "size": 77281
    },
    "lang/la_LA.lang": {
      "hash": "a7980eb0105c8d409227e94a1bf39413383aafb1",
      "size": 78311
    },
    "lang/lb_LU.lang": {
      "hash": "0bf08d8c609d0abe442839d1a6c0ce8649c4c1af",
      "size": 79744
    },
    "lang/lt_LT.lang": {
      "hash": "8822e8282e18ea3a84e217165d24d3835f9a02b4",
      "size": 83192
    },
    "lang/lv_LV.lang": {
      "hash": "b4448f3003574bd69e45a31f118a6fe8e7907316",
      "size": 80596
    },
    "lang/mi_NZ.lang": {
      "hash": "28ad66f1224ff43b40dfb0ac938c7e667d072bc7",
      "size": 75892
    },
    "lang/ms_MY.lang": {
      "hash": "c862b0a34a29f20a76e221d5e388ab821b15b600",
      "size": 80021
    },
    "lang/mt_MT.lang": {
      "hash": "c266cfe6c91b2f8042f88519d5ac42b918552941",
      "size": 81127
    },
    "lang/nds_DE.lang": {
      "hash": "22d35e1c0d62f48f8636444e3dedf8a1bf797099",
      "size": 76804
    },
    "lang/nl_NL.lang": {
      "hash": "ccc738ed50f49bca7f6e6d627a5ac1e7e869f782",
      "size": 78536
    },
    "lang/nn_NO.lang": {
      "hash": "364d4310e77b0f834e95ede7ca5655a5f7c4a41d",
      "size": 75900
    },
    "lang/no_NO.lang": {
      "hash": "0b41afb1ee994249fd619ec21c7891e9dcb65d1c",
      "size": 76398
    },
    "lang/oc_FR.lang": {
      "hash": "70f0ea6e69e7618f15c9d987858be0741a86d60a",
      "size": 81887
    },
    "lang/pl_PL.lang": {
      "hash": "405fc8204500f9680625ffdc94b501f040d7e98c",
      "size": 81239
    },
    "lang/pt_BR.lang": {
      "hash": "5d2155f6ba1d8f8627d953b4c88b41f4eb218d16",
      "size": 80733
    },
    "lang/pt_PT.lang": {
      "hash": "59c70721f818007eca5593c2a3506f4c6cafa0ce",
      "size": 81127
    },
    "lang/qya_AA.lang": {
      "hash": "e9812055ae812979954ced67ab02606294eb8284",
      "size": 75655
    },
    "lang/ro_RO.lang": {
      "hash": "e0dac6a81a78c4984aeee5206d089aa4044421b1",
      "size": 81958
    },
    "lang/ru_RU.lang": {
      "hash": "3b2a8aa9abfeef2440e3f4162e5a8513b625e546",
      "size": 105422
    },
    "lang/sk_SK.lang": {
      "hash": "6d88e2ab99219fb819e53560e99384fd386fe434",
      "size": 80321
    },
    "lang/sl_SI.lang": {
      "hash": "2d75ccde60b46609a781bc1b29dc6dff8314b55e",
      "size": 78319
    },
    "lang/sr_SP.lang": {
      "hash": "fccb3958d7d6f75d4d8ac6bef525f6d619b7befc",
      "size": 102760
    },
    "lang/sv_SE.lang": {
      "hash": "c977b03f48aa05080a5b5aef347ff4f492e3fb6f",
      "size": 76614
    },
    "lang/th_TH.lang": {
      "hash": "f4714c97da9b21c01e6a2bbc7082baa1900f7a53",
      "size": 119892
    },
    "lang/tlh_AA.lang": {
      "hash": "f620e40d017007fcf3a53924e138eb03bba1170f",
      "size": 75785
    },
    "lang/tr_TR.lang": {
      "hash": "933ef8c5bf4641efcd002037d1d4958a6da6c909",
      "size": 79402
    },
    "lang/uk_UA.lang": {
      "hash": "3f4f42340eb9397eed113fab665ad14cb64af180",
      "size": 104956
    },
    "lang/val_ES.lang": {
      "hash": "cb58b2d9f44e6386da142ab74b6d3a0665f7380d",
      "size": 80880
    },
    "lang/vi_VN.lang": {
      "hash": "30e9b49c7800e94c6912525921de97711231fa00",
      "size": 90272
    },
    "lang/zh_CN.lang": {
      "hash": "d06c833ac58f3b7fc072993dcee5247ab42325d9",
      "size": 74124
    },
    "lang/zh_TW.lang": {
      "hash": "0dfe38259a242dd404d2cff46bfd5a123f5e36df",
      "size": 74168
    },
    "pack.mcmeta": {
      "hash": "1ed42482a20f4dad56e8b42443f7bb43b0bf37f9",
      "size": 9959
    },
    "sounds.json": {
      "hash": "fce0bb3e14ade7b292a7c1d5fa785533d8106d82",
      "size": 34020
    },
    "sounds/ambient/cave/cave1.ogg": {
      "hash": "29d4dccf3353334c7aa2a49cb6fed3780a51a1ba",
      "size": 33948
    },
    "sounds/ambient/cave/cave10.ogg": {
      "hash": "79a5b53bf22cca182ddff2a670942c49867663ec",
      "size": 22725
    },
    "sounds/ambient/cave/cave11.ogg": {
      "hash": "e367d1dfa1ce07374e0aeaecbfb1526142a0dcc1",
      "size": 36963
    },
    "sounds/ambient/cave/cave12.ogg": {
      "hash": "a720e85e35be0dc3186d01cc599121b87e7ee9f7",
      "size": 21193
    },
    "sounds/ambient/cave/cave13.ogg": {
      "hash": "63bbe3921abd75b9f6cd1e20330360d164da169b",
      "size": 29512
    },
    "sounds/ambient/cave/cave2.ogg": {
      "hash": "5680749048457f5772ec95a73d856ad792fa1717",
      "size": 48741
    },
    "sounds/ambient/cave/cave3.ogg": {
      "hash": "d4b06ccb8e331ece734f51d84a0a5fbc7164d8be",
      "size": 50958
    },
    "sounds/ambient/cave/cave4.ogg": {
      "hash": "48540d7788ce3d9e780cb448ce5676c53dbcfd23",
      "size": 49499
    },
    "sounds/ambient/cave/cave5.ogg": {
      "hash": "18a992d93128bb2e2861930cff3140c6940c0127",
      "size": 67196
    },
    "sounds/ambient/cave/cave6.ogg": {
      "hash": "cf23204a9cca2ac7f9674168cc063cfb4dbe001f",
      "size": 42176
    },
    "sounds/ambient/cave/cave7.ogg": {
      "hash": "c8dd60f7e7087da52a431c1dbc0f397317b374fb",
      "size": 45278
    },
    "sounds/ambient/cave/cave8.ogg": {
      "hash": "9024de3f1dd4bc1e8f445c7c5b812f25c7e31bf6",
      "size": 49295
    },
    "sounds/ambient/cave/cave9.ogg": {
      "hash": "b463fa47816fe9a5dfe508093150e647403e4db6",
      "size": 27096
    },
    "sounds/ambient/weather/rain1.ogg": {
      "hash": "d68bae1949299ccd8297aaa423dd12e041e83773",
      "size": 13185
    },
    "sounds/ambient/weather/rain2.ogg": {
      "hash": "ba58e1b6c8cc814a210db268d3e59a06b7ac62be",
      "size": 13301
    },
    "sounds/ambient/weather/rain3.ogg": {
      "hash": "4cdd8fc380e85409fd94b93abdcad077d75ec58f",
      "size": 13322
    },
    "sounds/ambient/weather/rain4.ogg": {
      "hash": "08e555782cb2785b24e08a417a5e58aa08bd0695",
      "size": 13955
    },
    "sounds/ambient/weather/thunder1.ogg": {
      "hash": "671ef0ae7b59014a2f637d7af6d781324ab6309f",
      "size": 24468
    },
    "sounds/ambient/weather/thunder2.ogg": {
      "hash": "a20cbf2ddce541eaed520d7ec55665fe97428be6",
      "size": 25571
    },
    "sounds/ambient/weather/thunder3.ogg": {
      "hash": "9ead5c928f9122e3c2f5fc4f6ce7fb4054a2b578",
      "size": 27653
    },
    "sounds/damage/fallbig.ogg": {
      "hash": "1d183c36f596e85c4fb564ff2667332211e49659",
      "size": 6079
    },
    "sounds/damage/fallsmall.ogg": {
      "hash": "09236e1a725cec0229b8c564f5b3e4fe05cd7a5f",
      "size": 5232
    },
    "sounds/damage/hit1.ogg": {
      "hash": "8760ebb9d4b1fe9457ef272324ecd6b4329a593e",
      "size": 6539
    },
    "sounds/damage/hit2.ogg": {
      "hash": "144867e8792415e2873293f06ecce85cd32bb4e8",
      "size": 6227
    },
    "sounds/damage/hit3.ogg": {
      "hash": "c73dcedde5031fcf242b08b3405f63098cd70641",
      "size": 7660
    },
    "sounds/dig/cloth1.ogg": {
      "hash": "5fd568d724ba7d53911b6cccf5636f859d2662e8",
      "size": 4832
    },
    "sounds/dig/cloth2.ogg": {
      "hash": "56c1d0ac0de2265018b2c41cb571cc6631101484",
      "size": 4862
    },
    "sounds/dig/cloth3.ogg": {
      "hash": "9c63f2a3681832dc32d206f6830360bfe94b5bfc",
      "size": 4897
    },
    "sounds/dig/cloth4.ogg": {
      "hash": "55da1856e77cfd31a7e8c3d358e1f856c5583198",
      "size": 4844
    },
    "sounds/dig/grass1.ogg": {
      "hash": "41cbf5dd08e951ad65883854e74d2e034929f572",
      "size": 7468
    },
    "sounds/dig/grass2.ogg": {
      "hash": "86cb1bb0c45625b18e00a64098cd425a38f6d3f2",
      "size": 7691
    },
    "sounds/dig/grass3.ogg": {
      "hash": "f7d7e5c7089c9b45fa5d1b31542eb455fad995db",
      "size": 7194
    },
    "sounds/dig/grass4.ogg": {
      "hash": "c7b1005d4926f6a2e2387a41ab1fb48a72f18e98",
      "size": 7163
    },
    "sounds/dig/gravel1.ogg": {
      "hash": "e8b89f316f3e9989a87f6e6ff12db9abe0f8b09f",
      "size": 6851
    },
    "sounds/dig/gravel2.ogg": {
      "hash": "c3b3797d04cb9640e1d3a72d5e96edb410388fa3",
      "size": 7501
    },
    "sounds/dig/gravel3.ogg": {
      "hash": "48f7e1bb098abd36b9760cca27b9d4391a23de26",
      "size": 6905
    },
    "sounds/dig/gravel4.ogg": {
      "hash": "7bf3553a4fe41a0078f4988a13d6e1ed8663ef4c",
      "size": 6728
    },
    "sounds/dig/sand1.ogg": {
      "hash": "9e59c3650c6c3fc0a475f1b753b2fcfef430bf81",
      "size": 5543
    },
    "sounds/dig/sand2.ogg": {
      "hash": "0fa4234797f336ada4e3735e013e44d1099afe57",
      "size": 5553
    },
    "sounds/dig/sand3.ogg": {
      "hash": "c75589cc0087069f387de127dd1499580498738e",
      "size": 5552
    },
    "sounds/dig/sand4.ogg": {
      "hash": "37afa06f97d58767a1cd1382386db878be1532dd",
      "size": 5491
    },
    "sounds/dig/snow1.ogg": {
      "hash": "e9bab7d3d15541f0aaa93fad31ad37fd07e03a6c",
      "size": 6532
    },
    "sounds/dig/snow2.ogg": {
      "hash": "5887d10234c4f244ec5468080412f3e6ef9522f3",
      "size": 6567
    },
    "sounds/dig/snow3.ogg": {
      "hash": "a4bc069321a96236fde04a3820664cc23b2ea619",
      "size": 6540
    },
    "sounds/dig/snow4.ogg": {
      "hash": "e26fa3036cdab4c2264ceb19e1cd197a2a510227",
      "size": 6501
    },
    "sounds/dig/stone1.ogg": {
      "hash": "4e094ed8dfa98656d8fec52a7d20c5ee6098b6ad",
      "size": 6695
    },
    "sounds/dig/stone2.ogg": {
      "hash": "9c92f697142ae320584bf64c0d54381d59703528",
      "size": 6728
    },
    "sounds/dig/stone3.ogg": {
      "hash": "8f23c02475d388b23e5faa680eafe6b991d7a9d4",
      "size": 6627
    },
    "sounds/dig/stone4.ogg": {
      "hash": "363545a76277e5e47538b2dd3a0d6aa4f7a87d34",
      "size": 6516
    },
    "sounds/dig/wood1.ogg": {
      "hash": "9bc2a84d0aa98113fc52609976fae8fc88ea6333",
      "size": 6541
    },
    "sounds/dig/wood2.ogg": {
      "hash": "98102533e6085617a2962157b4f3658f59aea018",
      "size": 6294
    },
    "sounds/dig/wood3.ogg": {
      "hash": "45b2aef7b5049e81b39b58f8d631563fadcc778b",
      "size": 6604
    },
    "sounds/dig/wood4.ogg": {
      "hash": "dc66978374a46ab2b87db6472804185824868095",
      "size": 6817
    },
    "sounds/fire/fire.ogg": {
      "hash": "8b260108a73470c16cd244325242d4780cfb7d78",
      "size": 28689
    },
    "sounds/fire/ignite.ogg": {
      "hash": "a0d1fbff7e938e92c10c1576339dda668f40e111",
      "size": 6418
    },
    "sounds/fireworks/blast1.ogg": {
      "hash": "d9d7511e8944da0c7ab4ed2d3e3d964f98dd6997",
      "size": 11071
    },
    "sounds/fireworks/blast_far1.ogg": {
      "hash": "cd9062e9e81f7cd35164a99669e5db32891a5cb5",
      "size": 14727
    },
    "sounds/fireworks/largeBlast1.ogg": {
      "hash": "ef59205829f09ac4855c614a0e7046db820df18b",
      "size": 17306
    },
    "sounds/fireworks/largeBlast_far1.ogg": {
      "hash": "bfb0e14bf130de4ecda75d8e793260e8bbaca35b",
      "size": 21914
    },
    "sounds/fireworks/launch1.ogg": {
      "hash": "b1715242916d56140486c612056ea4d6dd5a4404",
      "size": 15598
    },
    "sounds/fireworks/twinkle1.ogg": {
      "hash": "41b9c631e9c1c40800b3b02a0ac5855d6ad4846d",
      "size": 14328
    },
    "sounds/fireworks/twinkle_far1.ogg": {
      "hash": "c8053e3b083b08840276de9a728202551302f416",
      "size": 23987
    },
    "sounds/liquid/lava.ogg": {
      "hash": "9272aef9f27dfcc10b6e3879b7a2a67f8faa1a83",
      "size": 65328
    },
    "sounds/liquid/lavapop.ogg": {
      "hash": "19a5aae31c3e0018a960b709a9f0240d8d47dda7",
      "size": 5609
    },
    "sounds/liquid/splash.ogg": {
      "hash": "4c14c40542e249c902d0cac710ab4c6d6debba28",
      "size": 16702
    },
    "sounds/liquid/splash2.ogg": {
      "hash": "857abbbfb58186c2f1b5510a4072630950e518f6",
      "size": 36747
    },
    "sounds/liquid/swim1.ogg": {
      "hash": "6ea4e448fbc2a079acb0cf3564273083dadae165",
      "size": 9227
    },
    "sounds/liquid/swim2.ogg": {
      "hash": "827d71834e69954e0a7fd7748998332e0b619d29",
      "size": 9540
    },
    "sounds/liquid/swim3.ogg": {
      "hash": "b5f9075a8bf6977e7dfd3d316a673eaaa5834a99",
      "size": 9868
    },
    "sounds/liquid/swim4.ogg": {
      "hash": "6a908e7c7d61e01bc4223b4991820bfc56f84c5e",
      "size": 7836
    },
    "sounds/liquid/water.ogg": {
      "hash": "3483650440deb3934255e044ddabff5b01a65356",
      "size": 36329
    },
    "sounds/minecart/base.ogg": {
      "hash": "28f9973fcd8366ac9837dbe190b129a8fce15857",
      "size": 15354
    },
    "sounds/minecart/inside.ogg": {
      "hash": "6a83b514027c328b74f8428448dc6589d4b16388",
      "size": 57426
    },
    "sounds/mob/bat/death.ogg": {
      "hash": "6df3b2c2b951863fc5200edf3ff3396b105ed897",
      "size": 8726
    },
    "sounds/mob/bat/hurt1.ogg": {
      "hash": "fddba78b2426f8056be081c98fe82e8411a0a5cf",
      "size": 4878
    },
    "sounds/mob/bat/hurt2.ogg": {
      "hash": "573e565b7fda2c34fc972edd21a82fd2e09200f8",
      "size": 5530
    },
    "sounds/mob/bat/hurt3.ogg": {
      "hash": "1599551814c141acd0c4a3c4a0ff83f4c4e3026d",
      "size": 5249
    },
    "sounds/mob/bat/hurt4.ogg": {
      "hash": "0ba4a7830ea8852bf7844872d7e2d2a408fb77e4",
      "size": 5410
    },
    "sounds/mob/bat/idle1.ogg": {
      "hash": "c3c175d70372d8448c070d0716a8d88beec8b8b7",
      "size": 5708
    },
    "sounds/mob/bat/idle2.ogg": {
      "hash": "e9d023a54a6b514af496c8f253f5f3fa948fd4b6",
      "size": 4767
    },
    "sounds/mob/bat/idle3.ogg": {
      "hash": "e641dd3d6607db86b7574fe82781a34ad74f6c77",
      "size": 4777
    },
    "sounds/mob/bat/idle4.ogg": {
      "hash": "a323a968296882e15c743ccdc8cb8057557ae712",
      "size": 5274
    },
    "sounds/mob/bat/loop.ogg": {
      "hash": "e260582909112ec3c255d1ec0375c7913df5f9f8",
      "size": 16510
    },
    "sounds/mob/bat/takeoff.ogg": {
      "hash": "ee6079d3826ac2994f3f58e62370f3c8ff9328e9",
      "size": 8821
    },
    "sounds/mob/blaze/breathe1.ogg": {
      "hash": "4e398c518ae706ad4d90afd6914f748faf18a7b5",
      "size": 22308
    },
    "sounds/mob/blaze/breathe2.ogg": {
      "hash": "c74368d2b978f570b4e7ce9645fd84b07f8f145c",
      "size": 22547
    },
    "sounds/mob/blaze/breathe3.ogg": {
      "hash": "24d643885f9b83d8f034f49e2c5e00e70d4f175a",
      "size": 21883
    },
    "sounds/mob/blaze/breathe4.ogg": {
      "hash": "78d544a240d627005aaef6033fd646eafc66fe7a",
      "size": 22054
    },
    "sounds/mob/blaze/death.ogg": {
      "hash": "17491c8dd9511e9d848c92b4b7ae047aed164072",
      "size": 30155
    },
    "sounds/mob/blaze/hit1.ogg": {
      "hash": "cb1cf4b405d930ad27f09ea39d6a64f35fc13308",
      "size": 7189
    },
    "sounds/mob/blaze/hit2.ogg": {
      "hash": "00b38fae5d28d99514a3e73a913af16359b12b7a",
      "size": 7356
    },
    "sounds/mob/blaze/hit3.ogg": {
      "hash": "97e09d51c82b78ab82fb3a4dbbb8cd701b2d0aeb",
      "size": 7229
    },
    "sounds/mob/blaze/hit4.ogg": {
      "hash": "3f447f3e331b59ad014d9bd4a6536f98cf3a08c3",
      "size": 7383
    },
    "sounds/mob/cat/hiss1.ogg": {
      "hash": "9d2202fce7908dcc5b5c8758c5cd517d863d4dd3",
      "size": 14666
    },
    "sounds/mob/cat/hiss2.ogg": {
      "hash": "063bf0fce35c547eb59f086dbb56c5fe329cbcf4",
      "size": 13451
    },
    "sounds/mob/cat/hiss3.ogg": {
      "hash": "c7e424eb00712614a183adf5d17b949175ff00df",
      "size": 13708
    },
    "sounds/mob/cat/hitt1.ogg": {
      "hash": "28409652d939d2489d8b5317d51abb873821f0f4",
      "size": 7595
    },
    "sounds/mob/cat/hitt2.ogg": {
      "hash": "ce499da6ec5dd226d50843890ca09f16018aff9a",
      "size": 9180
    },
    "sounds/mob/cat/hitt3.ogg": {
      "hash": "3d98b4b7c37a09101da00d8a3078e0acba6558f4",
      "size": 7371
    },
    "sounds/mob/cat/meow1.ogg": {
      "hash": "5fdf1bd80b204245af760042d2e546d87666e288",
      "size": 9820
    },
    "sounds/mob/cat/meow2.ogg": {
      "hash": "9853be18df1a5b2642e33ba05e71bfd5099f9f04",
      "size": 9349
    },
    "sounds/mob/cat/meow3.ogg": {
      "hash": "381f9e97a8a986ecab3e86431d6be6df5ff79c31",
      "size": 9526
    },
    "sounds/mob/cat/meow4.ogg": {
      "hash": "4bf7c7a08c1217de7b1f0faf82429665fbf18458",
      "size": 9560
    },
    "sounds/mob/cat/purr1.ogg": {
      "hash": "315512d6027033c2a279841badb40a26d74efc81",
      "size": 27911
    },
    "sounds/mob/cat/purr2.ogg": {
      "hash": "847ec719ee91e28d7bf58ab39a5d8d6bd5728314",
      "size": 28974
    },
    "sounds/mob/cat/purr3.ogg": {
      "hash": "eed7a9305f5879448bb94355f25279b4aac403b6",
      "size": 34965
    },
    "sounds/mob/cat/purreow1.ogg": {
      "hash": "d00791807e913e57d58fd891cb4dd10186cfdf38",
      "size": 11787
    },
    "sounds/mob/cat/purreow2.ogg": {
      "hash": "08573a1f11058b09c5855122dff47ceb209f771e",
      "size": 12237
    },
    "sounds/mob/chicken/hurt1.ogg": {
      "hash": "31b52151bf2a6fa35d2d2aa72f832285d9e7d70d",
      "size": 7740
    },
    "sounds/mob/chicken/hurt2.ogg": {
      "hash": "18752157f5d8718e2752805a657c74a73d2b88db",
      "size": 6177
    },
    "sounds/mob/chicken/plop.ogg": {
      "hash": "ab5a32b70ef1e7aafc550b20afdb7dc8c0d5d901",
      "size": 4680
    },
    "sounds/mob/chicken/say1.ogg": {
      "hash": "74e5422bd83bb2041a6f0d09644bc095c0e9e21a",
      "size": 7956
    },
    "sounds/mob/chicken/say2.ogg": {
      "hash": "3660e743db2bbbcff0866d3f1e606882f1aeb6ac",
      "size": 9476
    },
    "sounds/mob/chicken/say3.ogg": {
      "hash": "49874e07369c3bb0bc8a2fba4f2096d2e9a36c9a",
      "size": 7080
    },
    "sounds/mob/chicken/step1.ogg": {
      "hash": "e0f0ba416a5744036e11bb6a5fc5ac4b8c461873",
      "size": 3702
    },
    "sounds/mob/chicken/step2.ogg": {
      "hash": "bf7fadaf64945f6b31c803d086ac6a652aabef9b",
      "size": 3838
    },
    "sounds/mob/cow/hurt1.ogg": {
      "hash": "989c3b614f736aa77bb2800821ea56936e98ca68",
      "size": 7302
    },
    "sounds/mob/cow/hurt2.ogg": {
      "hash": "758d2a1c36abc84d2744d697b76d5414ea96d9f3",
      "size": 8430
    },
    "sounds/mob/cow/hurt3.ogg": {
      "hash": "2a031f10c7dc24e75d5dc3a374ebe7f36fc3e143",
      "size": 8934
    },
    "sounds/mob/cow/say1.ogg": {
      "hash": "e07a2da49011ef4cf9d6b1c80a91a06f808c1243",
      "size": 9714
    },
    "sounds/mob/cow/say2.ogg": {
      "hash": "228bab6d9b09994dc407b9d022bebca791d81c16",
      "size": 13553
    },
    "sounds/mob/cow/say3.ogg": {
      "hash": "05f429069e65d78f7e6609d070a3f294cc3128ab",
      "size": 13330
    },
    "sounds/mob/cow/say4.ogg": {
      "hash": "80ce8d4b8d361b69e42d8d147e42a09d3c85a115",
      "size": 12300
    },
    "sounds/mob/cow/step1.ogg": {
      "hash": "fec7c7997f8eb6faaebd37f0eaed417118d3a498",
      "size": 7411
    },
    "sounds/mob/cow/step2.ogg": {
      "hash": "555d33de143e6dcef2aa80ebf9a8f8b1481d42d0",
      "size": 7885
    },
    "sounds/mob/cow/step3.ogg": {
      "hash": "482919bc631b317422ab44af3938259bea73fe83",
      "size": 7923
    },
    "sounds/mob/cow/step4.ogg": {
      "hash": "03063be15a77cc3f6815ec98090e351178190b33",
      "size": 7394
    },
    "sounds/mob/creeper/death.ogg": {
      "hash": "fbc1b2c89c5c781e30d702b2885be3f485105869",
      "size": 13005
    },
    "sounds/mob/creeper/say1.ogg": {
      "hash": "74771428c2aa2acbd30638c6706867053bad64d3",
      "size": 6647
    },
    "sounds/mob/creeper/say2.ogg": {
      "hash": "c46c7d2a84749bfcbcf576aea0d66fd3deccba31",
      "size": 6768
    },
    "sounds/mob/creeper/say3.ogg": {
      "hash": "0979bf115d081d70a985f1cfcab1b9274d6be74e",
      "size": 6787
    },
    "sounds/mob/creeper/say4.ogg": {
      "hash": "85c860ea8c55984bf6cabb75354c78f3a603f98d",
      "size": 7111
    },
    "sounds/mob/enderdragon/end.ogg": {
      "hash": "53cc1890ebea833d3964c7dd1c90676650e34404",
      "size": 257102
    },
    "sounds/mob/enderdragon/growl1.ogg": {
      "hash": "049a3049a5ac8631a6c5f367b7d824fc0d8de39b",
      "size": 26384
    },
    "sounds/mob/enderdragon/growl2.ogg": {
      "hash": "d859c9c5be04ffc41479b306814a933983eaa235",
      "size": 27101
    },
    "sounds/mob/enderdragon/growl3.ogg": {
      "hash": "ba35053358ede7c3bf33a4c344d66680f09008c9",
      "size": 27102
    },
    "sounds/mob/enderdragon/growl4.ogg": {
      "hash": "c84b0cf222e7dcbedde8eb9deb98835032f4d402",
      "size": 25574
    },
    "sounds/mob/enderdragon/hit1.ogg": {
      "hash": "aedeb53dd3315f964ff4d10d0003e4c5f41d1bb0",
      "size": 11056
    },
    "sounds/mob/enderdragon/hit2.ogg": {
      "hash": "46e5db05b1e91ce33c9c4c63260227fa629230f4",
      "size": 10880
    },
    "sounds/mob/enderdragon/hit3.ogg": {
      "hash": "e96237fdf5e5e1aca09496b9192243651525d0ac",
      "size": 11158
    },
    "sounds/mob/enderdragon/hit4.ogg": {
      "hash": "d2c44730f6c93676d4e4316add92e424d0a71a33",
      "size": 10812
    },
    "sounds/mob/enderdragon/wings1.ogg": {
      "hash": "5a368ed32b3357e31629451ace57eb30d90e8874",
      "size": 10617
    },
    "sounds/mob/enderdragon/wings2.ogg": {
      "hash": "7d5b3b403a11b6dd4c3801c4f4c8bf7ce9a8c771",
      "size": 10481
    },
    "sounds/mob/enderdragon/wings3.ogg": {
      "hash": "eb58ef697b2cbaed218edc758e00412302c75962",
      "size": 10373
    },
    "sounds/mob/enderdragon/wings4.ogg": {
      "hash": "92488929c42221fb3f1dee397a32d2e4de615f3c",
      "size": 11702
    },
    "sounds/mob/enderdragon/wings5.ogg": {
      "hash": "fa6d89b586c5ca29efe85c8d373ff9ee19488d40",
      "size": 11659
    },
    "sounds/mob/enderdragon/wings6.ogg": {
      "hash": "e7e8d393fc03a476227890e9ec9319dcc4b400ea",
      "size": 11150
    },
    "sounds/mob/endermen/death.ogg": {
      "hash": "d04dd6d1f050353ef9e3ba9c45f407f831903c69",
      "size": 16232
    },
    "sounds/mob/endermen/hit1.ogg": {
      "hash": "753a88c1d9b3b46210c18ff07974955463edd18b",
      "size": 6883
    },
    "sounds/mob/endermen/hit2.ogg": {
      "hash": "cf60aefd0b742c3fa15e808c1a0c33aebd534cc5",
      "size": 6491
    },
    "sounds/mob/endermen/hit3.ogg": {
      "hash": "aaa8f1705c873ebc05da460657c8b83fa01ffd57",
      "size": 6564
    },
    "sounds/mob/endermen/hit4.ogg": {
      "hash": "6e0f9074e049a6c30402d70cc75a5da99042e00c",
      "size": 5573
    },
    "sounds/mob/endermen/idle1.ogg": {
      "hash": "281b87984ddf8e94324bc86911a36c971cb3d831",
      "size": 6793
    },
    "sounds/mob/endermen/idle2.ogg": {
      "hash": "9c7aaf49b3096a69a2d6ca62c1067400a2b70814",
      "size": 8236
    },
    "sounds/mob/endermen/idle3.ogg": {
      "hash": "bc4c2e76d3b5a0e6f9d5837fe82ed26e808aa918",
      "size": 10073
    },
    "sounds/mob/endermen/idle4.ogg": {
      "hash": "405e2f82caef7f79eb9e26886520711e446366ce",
      "size": 11208
    },
    "sounds/mob/endermen/idle5.ogg": {
      "hash": "e746ec4574aaa047be3076729753c2c75fd34630",
      "size": 9108
    },
    "sounds/mob/endermen/portal.ogg": {
      "hash": "7b4b5323ef066caa1ae43cbe66fffd9dfce4ed32",
      "size": 10010
    },
    "sounds/mob/endermen/portal2.ogg": {
      "hash": "35461b6a4253db40973549e82d91f267c686be85",
      "size": 7442
    },
    "sounds/mob/endermen/scream1.ogg": {
      "hash": "c4b5265bbafbe058347058a257abe33a0afb5ab7",
      "size": 11231
    },
    "sounds/mob/endermen/scream2.ogg": {
      "hash": "c8cd465468a0fd41a1d5cc24cb499862b5ade2cb",
      "size": 11020
    },
    "sounds/mob/endermen/scream3.ogg": {
      "hash": "dbab0094299eacbce86ad427edcb34b8342861af",
      "size": 9843
    },
    "sounds/mob/endermen/scream4.ogg": {
      "hash": "bcc73584d83225383aaa6affce905392c96afe86",
      "size": 10411
    },
    "sounds/mob/endermen/stare.ogg": {
      "hash": "5738d7f49ef30adcfc4f2ab13e0b1d74f09a1289",
      "size": 127738
    },
    "sounds/mob/ghast/affectionate_scream.ogg": {
      "hash": "99cd73dda425ee03836c2274a0fcf331139773dc",
      "size": 9367
    },
    "sounds/mob/ghast/charge.ogg": {
      "hash": "6f1d403f47725af0f4c42a74cfec00ff59153160",
      "size": 13415
    },
    "sounds/mob/ghast/death.ogg": {
      "hash": "725e5179c72444c6d885e39c27e6b31ed83d58bc",
      "size": 26853
    },
    "sounds/mob/ghast/fireball4.ogg": {
      "hash": "eafa60d7ec34f86e8f07a001ddcdf5c4600bb174",
      "size": 8535
    },
    "sounds/mob/ghast/moan1.ogg": {
      "hash": "882d092b05faef1cfa6af43d642b9e8843f22756",
      "size": 7986
    },
    "sounds/mob/ghast/moan2.ogg": {
      "hash": "02073c284f025653e55f9cde25a4a62723d395fa",
      "size": 8909
    },
    "sounds/mob/ghast/moan3.ogg": {
      "hash": "dcec2d45fbc25f74a399ec9f8001e0ecd2d5d85e",
      "size": 8925
    },
    "sounds/mob/ghast/moan4.ogg": {
      "hash": "935f1a575322bd0ec53a919fd061321216889104",
      "size": 9393
    },
    "sounds/mob/ghast/moan5.ogg": {
      "hash": "48fc6c25d0f1c1f0edd4eaca2b6f934d4117f440",
      "size": 14107
    },
    "sounds/mob/ghast/moan6.ogg": {
      "hash": "b3f91f243eceaa25cff7488ec2dac732e22cfec3",
      "size": 18305
    },
    "sounds/mob/ghast/moan7.ogg": {
      "hash": "cfb956ba9d26cbdacd16ef77d58764df783b2c7f",
      "size": 9222
    },
    "sounds/mob/ghast/scream1.ogg": {
      "hash": "a0e62d86e5899405df4e796fe648e091d828691d",
      "size": 10828
    },
    "sounds/mob/ghast/scream2.ogg": {
      "hash": "57008a7f564443d563968fd040fc13ab226fc8d1",
      "size": 11455
    },
    "sounds/mob/ghast/scream3.ogg": {
      "hash": "8f23820fa28830dd031188c20acb35af044aedb5",
      "size": 9399
    },
    "sounds/mob/ghast/scream4.ogg": {
      "hash": "edbc9e9cb9dfeabef93207fc0bdee6ceee5df7bc",
      "size": 12220
    },
    "sounds/mob/ghast/scream5.ogg": {
      "hash": "77a7b79d4f2ada27640866ece1020b631f5bdc54",
      "size": 11650
    },
    "sounds/mob/horse/angry1.ogg": {
      "hash": "c80439669ee4c5ab6e236787f57fc6aa980dc6f9",
      "size": 10409
    },
    "sounds/mob/horse/armor.ogg": {
      "hash": "2ccb16055e7974aba40987a46c4b6370b9296106",
      "size": 15195
    },
    "sounds/mob/horse/breathe1.ogg": {
      "hash": "a02c38569979cd6f4305f9e43a7a9fe26477d161",
      "size": 10190
    },
    "sounds/mob/horse/breathe2.ogg": {
      "hash": "7bbbd6126bd37b4f2ec059d2784f95310bd55b75",
      "size": 9545
    },
    "sounds/mob/horse/breathe3.ogg": {
      "hash": "b6f6330f1a5c1a3a975e852c02b0543135295d86",
      "size": 7205
    },
    "sounds/mob/horse/death.ogg": {
      "hash": "120def25aa3d41ceeae166c7572561b4fb345900",
      "size": 15184
    },
    "sounds/mob/horse/donkey/angry1.ogg": {
      "hash": "a36f9c11ced9aa4364de7f26bb033e32adf9ad6f",
      "size": 12515
    },
    "sounds/mob/horse/donkey/angry2.ogg": {
      "hash": "44380f86e13a06b1f0c6feec2d6644b67e6c4d9c",
      "size": 11133
    },
    "sounds/mob/horse/donkey/death.ogg": {
      "hash": "ece3a1417e0eca0a748aafaf6cd9f5e99c314991",
      "size": 13955
    },
    "sounds/mob/horse/donkey/hit1.ogg": {
      "hash": "9580708c276c3ad24703ea7843e317b2845d272f",
      "size": 6952
    },
    "sounds/mob/horse/donkey/hit2.ogg": {
      "hash": "dd1846c866f5ef87e056a3f14ac156959b637726",
      "size": 5948
    },
    "sounds/mob/horse/donkey/hit3.ogg": {
      "hash": "4081b6ba7b4e345a0c48d791c54b6f59c1e2e1dc",
      "size": 7500
    },
    "sounds/mob/horse/donkey/idle1.ogg": {
      "hash": "d2cd73933fb1f6dbcb0dd170fde6fc8a49d709b9",
      "size": 6269
    },
    "sounds/mob/horse/donkey/idle2.ogg": {
      "hash": "6d7eeba0ba69cd68acf1e2ed5ae488c5aabbc9bf",
      "size": 6299
    },
    "sounds/mob/horse/donkey/idle3.ogg": {
      "hash": "be565339d494ce6ff788480a462bce0ec69c8ded",
      "size": 11079
    },
    "sounds/mob/horse/gallop1.ogg": {
      "hash": "b489c51eb82814562b6e288a889e36ccd018928c",
      "size": 8070
    },
    "sounds/mob/horse/gallop2.ogg": {
      "hash": "2433e0f1cfd53dab77422aca9f60f3d9a86d9991",
      "size": 8360
    },
    "sounds/mob/horse/gallop3.ogg": {
      "hash": "cf601e6c603b4186919f49462594da6e66edb7a2",
      "size": 7660
    },
    "sounds/mob/horse/gallop4.ogg": {
      "hash": "11b2b7b9cac527ce8cfb1cee41285c163ad75869",
      "size": 8320
    },
    "sounds/mob/horse/hit1.ogg": {
      "hash": "dc6b3831d315eedb3e97823c9ab1ae5092dcecbd",
      "size": 6014
    },
    "sounds/mob/horse/hit2.ogg": {
      "hash": "d6ceab79e5cb41ab8181188361bdb553b2f645a3",
      "size": 5924
    },
    "sounds/mob/horse/hit3.ogg": {
      "hash": "559a1c7dbf17f8357b6d505f2a072f22efe0f43c",
      "size": 6227
    },
    "sounds/mob/horse/hit4.ogg": {
      "hash": "73909900231d6f994e92cea983eb34d20cdd6461",
      "size": 7133
    },
    "sounds/mob/horse/idle1.ogg": {
      "hash": "fccee35ec3b76cf6cfbff0f269ed1a3b88459f22",
      "size": 9846
    },
    "sounds/mob/horse/idle2.ogg": {
      "hash": "ece0b410c81e9ba3e29440cc48005fc544aa5104",
      "size": 8699
    },
    "sounds/mob/horse/idle3.ogg": {
      "hash": "65bd63eb0e8056707f7f16f1a272187d3d32de15",
      "size": 11142
    },
    "sounds/mob/horse/jump.ogg": {
      "hash": "9e49d50a15b74ec6ac4745b0de3e1848178ea437",
      "size": 7501
    },
    "sounds/mob/horse/land.ogg": {
      "hash": "4632633263997de468f35d0227b5d56c22c911bd",
      "size": 9513
    },
    "sounds/mob/horse/leather.ogg": {
      "hash": "20abaa7d3b0baa105bc6023d5308f1e5d76acc41",
      "size": 11577
    },
    "sounds/mob/horse/skeleton/death.ogg": {
      "hash": "3b11e7b50263049d7b7c384c622c8fdf28cf12d8",
      "size": 19775
    },
    "sounds/mob/horse/skeleton/hit1.ogg": {
      "hash": "f111af513ba90b246a872e995f4b1722368899a9",
      "size": 7647
    },
    "sounds/mob/horse/skeleton/hit2.ogg": {
      "hash": "721dffeec54cec90bb07986342532f327185886f",
      "size": 7232
    },
    "sounds/mob/horse/skeleton/hit3.ogg": {
      "hash": "df488adcf98b65d30473865945cb5ea1ee30108c",
      "size": 8687
    },
    "sounds/mob/horse/skeleton/hit4.ogg": {
      "hash": "68f186d1e9890fd4ede56106bfca198e904b57e4",
      "size": 8143
    },
    "sounds/mob/horse/skeleton/idle1.ogg": {
      "hash": "195a4b987b0b97c238de9522eb74dd1bfeab202d",
      "size": 13016
    },
    "sounds/mob/horse/skeleton/idle2.ogg": {
      "hash": "cd683396ccd955bfd218020dbb1892808def402e",
      "size": 9173
    },
    "sounds/mob/horse/skeleton/idle3.ogg": {
      "hash": "083256ad8eede9ca7191b7667971070429d824cc",
      "size": 12129
    },
    "sounds/mob/horse/soft1.ogg": {
      "hash": "a9a83e3f186b3af56a9844b8d4976c6251ba17eb",
      "size": 6417
    },
    "sounds/mob/horse/soft2.ogg": {
      "hash": "2bdd1bc318559543fe0f2a8e7338ef44c0290900",
      "size": 6254
    },
    "sounds/mob/horse/soft3.ogg": {
      "hash": "f85131ddb8e80f13d8917fcf9bd99256f8a7695a",
      "size": 6128
    },
    "sounds/mob/horse/soft4.ogg": {
      "hash": "6efbe479d74614c5f824fa5aafa295ae936b3f9f",
      "size": 7224
    },
    "sounds/mob/horse/soft5.ogg": {
      "hash": "76aa158461bacbcd138f88c0338f56525bfd55b9",
      "size": 7127
    },
    "sounds/mob/horse/soft6.ogg": {
      "hash": "352118247b942b2c0df66f2a9a60cb1fb4792446",
      "size": 6970
    },
    "sounds/mob/horse/wood1.ogg": {
      "hash": "711c8d8e7a1a67ace08c33a544aa3a1157ab97e2",
      "size": 8190
    },
    "sounds/mob/horse/wood2.ogg": {
      "hash": "61112837c4cd7174fc0cf1ebc569275c45b089ca",
      "size": 7988
    },
    "sounds/mob/horse/wood3.ogg": {
      "hash": "50733b9cb1042acc3bc38182d7ccaa65e538bb57",
      "size": 6995
    },
    "sounds/mob/horse/wood4.ogg": {
      "hash": "69ca9738d02cd8476943060a66652496c6669742",
      "size": 6706
    },
    "sounds/mob/horse/wood5.ogg": {
      "hash": "52f58da2e750cf03137c968261b7af5cef599a00",
      "size": 7930
    },
    "sounds/mob/horse/wood6.ogg": {
      "hash": "f4ed4c71699d853437c14fb9b3d236b78108bb53",
      "size": 8074
    },
    "sounds/mob/horse/zombie/death.ogg": {
      "hash": "aa914f7916d6f90042841cce5972b73043eb2101",
      "size": 23103
    },
    "sounds/mob/horse/zombie/hit1.ogg": {
      "hash": "75feac0fe57873c7f2e93d4cccf24014ab8dc905",
      "size": 8800
    },
    "sounds/mob/horse/zombie/hit2.ogg": {
      "hash": "db6d67850ac177a7407748d7efa52fa1b7b57982",
      "size": 6894
    },
    "sounds/mob/horse/zombie/hit3.ogg": {
      "hash": "ad126e435cca94054bf0d616301799a105526cde",
      "size": 7043
    },
    "sounds/mob/horse/zombie/hit4.ogg": {
      "hash": "c093e925b560d3da4c9b1ef5679d1da2a5a8473b",
      "size": 8030
    },
    "sounds/mob/horse/zombie/idle1.ogg": {
      "hash": "ef1fea92382e98356a8c39e3c99b91d72d55f342",
      "size": 13283
    },
    "sounds/mob/horse/zombie/idle2.ogg": {
      "hash": "fef8520e0d345fdc7c270687c8e4fca62be36c76",
      "size": 13333
    },
    "sounds/mob/horse/zombie/idle3.ogg": {
      "hash": "9d034bf3ba36b297487b2380b908713982a83a3a",
      "size": 12120
    },
    "sounds/mob/irongolem/death.ogg": {
      "hash": "770b3f1feb05b9b941d858eb72b9d04ffc5d52c9",
      "size": 17766
    },
    "sounds/mob/irongolem/hit1.ogg": {
      "hash": "942937fcad0fefd61e019678e3710f3f077757d4",
      "size": 9479
    },
    "sounds/mob/irongolem/hit2.ogg": {
      "hash": "bb92fd6971430a515f508a6734392511385826e1",
      "size": 9140
    },
    "sounds/mob/irongolem/hit3.ogg": {
      "hash": "27c78cd09f7fd1770a41d78247ccf57c77dbc773",
      "size": 8947
    },
    "sounds/mob/irongolem/hit4.ogg": {
      "hash": "a2dbb90f23b0babe7c569ceca28db49d0c112714",
      "size": 8686
    },
    "sounds/mob/irongolem/throw.ogg": {
      "hash": "607d51883e137d5d423dde865232ab1ee78f2694",
      "size": 5316
    },
    "sounds/mob/irongolem/walk1.ogg": {
      "hash": "4e3e9f37c1e0c12c2993d25c28b89e2f0797ba5a",
      "size": 7064
    },
    "sounds/mob/irongolem/walk2.ogg": {
      "hash": "356fdb6192cf96aa5d5d9c76413f412f6a4d66a4",
      "size": 6945
    },
    "sounds/mob/irongolem/walk3.ogg": {
      "hash": "e0672d288b09996f7c7e1a0ca696de82b7a02d18",
      "size": 6883
    },
    "sounds/mob/irongolem/walk4.ogg": {
      "hash": "88ae6c906f8f94add2fe904b59c94e844bbcef9a",
      "size": 7021
    },
    "sounds/mob/magmacube/big1.ogg": {
      "hash": "430c65ac81151d873a27d611a9dff6c562e38c4f",
      "size": 10917
    },
    "sounds/mob/magmacube/big2.ogg": {
      "hash": "4c4bcc6905430286f32a862ce69665c51bd9938f",
      "size": 7931
    },
    "sounds/mob/magmacube/big3.ogg": {
      "hash": "d5c4316d30feef5213077e3ee24a7f52c5bf6735",
      "size": 9436
    },
    "sounds/mob/magmacube/big4.ogg": {
      "hash": "a63fd7965328425a0a8111640de19428d841933e",
      "size": 9871
    },
    "sounds/mob/magmacube/jump1.ogg": {
      "hash": "86a2a7206c769aaa9435aabba70be201cb3e3a6b",
      "size": 12540
    },
    "sounds/mob/magmacube/jump2.ogg": {
      "hash": "3285a993220dcea1fc37e98b9aa9219422c2c095",
      "size": 12973
    },
    "sounds/mob/magmacube/jump3.ogg": {
      "hash": "5a2449cc3d4a6ad36598847e501f956e5a3528bd",
      "size": 12258
    },
    "sounds/mob/magmacube/jump4.ogg": {
      "hash": "500e2543034b4c026fb175d48c47196c5d013fe8",
      "size": 12902
    },
    "sounds/mob/magmacube/small1.ogg": {
      "hash": "5c633c345fe4cb87c36ada2fe2b5da1b80601cf3",
      "size": 6269
    },
    "sounds/mob/magmacube/small2.ogg": {
      "hash": "18237686efcaa1bf9084173c99d11ce0d37d4fc5",
      "size": 5518
    },
    "sounds/mob/magmacube/small3.ogg": {
      "hash": "65a1a69845133187d6b8689e6ce9707da10f21a6",
      "size": 5314
    },
    "sounds/mob/magmacube/small4.ogg": {
      "hash": "a485082ed0820eeeb9df13f84f26b14744ceeb2a",
      "size": 5387
    },
    "sounds/mob/magmacube/small5.ogg": {
      "hash": "560dd97e6da8badbc8ac00b28c45312e60a525f2",
      "size": 4826
    },
    "sounds/mob/pig/death.ogg": {
      "hash": "4bc87ab869e17732a20c7518a327136baf5b2c26",
      "size": 13694
    },
    "sounds/mob/pig/say1.ogg": {
      "hash": "a99bf88163bcb576e31e6e2275145afba6d1b4c7",
      "size": 5645
    },
    "sounds/mob/pig/say2.ogg": {
      "hash": "ab615a912fb8ea06648836e0ec1cbeeefe117da6",
      "size": 6798
    },
    "sounds/mob/pig/say3.ogg": {
      "hash": "58efedf302e0203a6ff9e59a6535d300286c5594",
      "size": 5602
    },
    "sounds/mob/pig/step1.ogg": {
      "hash": "05baaf5ed0cbdab08292b3962e1b1385e13b9dba",
      "size": 5285
    },
    "sounds/mob/pig/step2.ogg": {
      "hash": "a69a66bfda52a42ea8cf712eb1caa8830046c14f",
      "size": 4508
    },
    "sounds/mob/pig/step3.ogg": {
      "hash": "6226903c5dfd8ac388f9d64a5fa9968680ed3507",
      "size": 4722
    },
    "sounds/mob/pig/step4.ogg": {
      "hash": "f5e1ba4ac271b4c2feee86a4d04e32279ea99c10",
      "size": 4483
    },
    "sounds/mob/pig/step5.ogg": {
      "hash": "56d6fd65958fb25bf9b4033a87655b591e222005",
      "size": 5493
    },
    "sounds/mob/sheep/say1.ogg": {
      "hash": "a3ffeaa0a75b8d2bdc949c181a6f8db78f8976ca",
      "size": 9784
    },
    "sounds/mob/sheep/say2.ogg": {
      "hash": "1cfd864cbda555477ed9523e640de0d234c18858",
      "size": 8875
    },
    "sounds/mob/sheep/say3.ogg": {
      "hash": "c9ac72409cbe6093e84d72a2a5c719d9e4a0e6b2",
      "size": 9150
    },
    "sounds/mob/sheep/shear.ogg": {
      "hash": "5d9055cf25f126c47e18637aeef917fa1ef61a42",
      "size": 6870
    },
    "sounds/mob/sheep/step1.ogg": {
      "hash": "5288cab96e26207edd31307c9c01b6902306e4f6",
      "size": 4838
    },
    "sounds/mob/sheep/step2.ogg": {
      "hash": "59034eb696e186d973dcea0b162f01e38f1b4f31",
      "size": 4819
    },
    "sounds/mob/sheep/step3.ogg": {
      "hash": "101164ea1b442a8e1e8ca181d9cef833c57d7be3",
      "size": 4843
    },
    "sounds/mob/sheep/step4.ogg": {
      "hash": "6ff26a1439fb6f9f353c2bd623edeb936e760855",
      "size": 5018
    },
    "sounds/mob/sheep/step5.ogg": {
      "hash": "c289aa46fcbcfaf21c8080d57953fd45a4939294",
      "size": 5185
    },
    "sounds/mob/silverfish/hit1.ogg": {
      "hash": "84c3b008dc1d5e0dd5e8ad85a06eca29f0591e48",
      "size": 7371
    },
    "sounds/mob/silverfish/hit2.ogg": {
      "hash": "38d4d36bbe40a48c3a8ef97735b59b37f013fd6e",
      "size": 6717
    },
    "sounds/mob/silverfish/hit3.ogg": {
      "hash": "5b1675279bbc245fc6bbb705de8ea09fb3f32b53",
      "size": 7205
    },
    "sounds/mob/silverfish/kill.ogg": {
      "hash": "24cdac5a80fdad7ab31dc0695b57ece55aecb21a",
      "size": 10410
    },
    "sounds/mob/silverfish/say1.ogg": {
      "hash": "515dffc5d6dd216550d69e61b2eb9c3593b19a20",
      "size": 6584
    },
    "sounds/mob/silverfish/say2.ogg": {
      "hash": "396b8b46e593cf55d843853b704dc054ef614e55",
      "size": 9782
    },
    "sounds/mob/silverfish/say3.ogg": {
      "hash": "e7f0f24c2c9f4bf83286b17109580d3e845d19e3",
      "size": 7060
    },
    "sounds/mob/silverfish/say4.ogg": {
      "hash": "4fce41a2d0890418ae1efb03d1142ca74d00aa61",
      "size": 6394
    },
    "sounds/mob/silverfish/step1.ogg": {
      "hash": "763cc79934a572b84c371cb49afad5912f29d2f1",
      "size": 8382
    },
    "sounds/mob/silverfish/step2.ogg": {
      "hash": "f1665747da14569c4de55e07884deeef18a40f62",
      "size": 9498
    },
    "sounds/mob/silverfish/step3.ogg": {
      "hash": "47ad81223bcec870206484cd4d1a6202871df331",
      "size": 9308
    },
    "sounds/mob/silverfish/step4.ogg": {
      "hash": "a342f566600caf73464323b20b7770b5b9b7893a",
      "size": 8842
    },
    "sounds/mob/skeleton/death.ogg": {
      "hash": "641e601132b4adb67951e0d49c1004cf1b86eff2",
      "size": 17073
    },
    "sounds/mob/skeleton/hurt1.ogg": {
      "hash": "4d03069c0e14794b463f563044da46433776da60",
      "size": 9986
    },
    "sounds/mob/skeleton/hurt2.ogg": {
      "hash": "d1ad2cbe6584d9cd9483483f8655966d25a251a0",
      "size": 7798
    },
    "sounds/mob/skeleton/hurt3.ogg": {
      "hash": "acffab0bafe2c82ffc8723880aab5ec1682d4329",
      "size": 8572
    },
    "sounds/mob/skeleton/hurt4.ogg": {
      "hash": "a88e0436e38512171a3ef819249c3d1a2650540f",
      "size": 7848
    },
    "sounds/mob/skeleton/say1.ogg": {
      "hash": "199c9f150822950385b9bc1d840605a6a795bd27",
      "size": 8727
    },
    "sounds/mob/skeleton/say2.ogg": {
      "hash": "529abcb09220f0ebeb595f32bb663d026a7e0ae5",
      "size": 8485
    },
    "sounds/mob/skeleton/say3.ogg": {
      "hash": "a11ac56ec61c17e99f4ee33d8712404edf442720",
      "size": 8161
    },
    "sounds/mob/skeleton/step1.ogg": {
      "hash": "68e0a58848bbdad12ad2b216d7244754459c9516",
      "size": 8444
    },
    "sounds/mob/skeleton/step2.ogg": {
      "hash": "4609ec723b4e724f44c653b82de40ec159d2eea1",
      "size": 8333
    },
    "sounds/mob/skeleton/step3.ogg": {
      "hash": "000c82756fd54e40cb236199f2b479629d0aca2f",
      "size": 8565
    },
    "sounds/mob/skeleton/step4.ogg": {
      "hash": "a89bdd809baa83cacd329f0219bca1f612ccda5a",
      "size": 8508
    },
    "sounds/mob/slime/attack1.ogg": {
      "hash": "075e1ea92d5564d7bdf267ae975044315a41a686",
      "size": 7806
    },
    "sounds/mob/slime/attack2.ogg": {
      "hash": "f6e2067571631aae206000a501c9adebe862e32a",
      "size": 7391
    },
    "sounds/mob/slime/big1.ogg": {
      "hash": "b5eca1979e69271b2065ac67ba2c37b5afac0f98",
      "size": 10917
    },
    "sounds/mob/slime/big2.ogg": {
      "hash": "00e06362a31ad7094e452c5bcea837b061825cb0",
      "size": 7931
    },
    "sounds/mob/slime/big3.ogg": {
      "hash": "2c20816632caecf75f00bb968f51847e3a982e75",
      "size": 9436
    },
    "sounds/mob/slime/big4.ogg": {
      "hash": "c906c18d26550ae15c75e23f2c5066e4fc678c89",
      "size": 9871
    },
    "sounds/mob/slime/small1.ogg": {
      "hash": "5cde2500773323f7997d75062f8a26afcdf62b2e",
      "size": 6269
    },
    "sounds/mob/slime/small2.ogg": {
      "hash": "5e2ef521293719bbe22bbb515bbcacf4c233a075",
      "size": 5518
    },
    "sounds/mob/slime/small3.ogg": {
      "hash": "3bc8225914b1be20db68fcdae202d5acee3234c2",
      "size": 5314
    },
    "sounds/mob/slime/small4.ogg": {
      "hash": "4dfe0b607c5de2e47f3b7950c56bbebbf3115957",
      "size": 5387
    },
    "sounds/mob/slime/small5.ogg": {
      "hash": "35f0b3c9c462a6c21ec213fbda2437a0e6427883",
      "size": 4826
    },
    "sounds/mob/spider/death.ogg": {
      "hash": "4c69a6edc25d973999aa0db2bb46b583a31da278",
      "size": 14380
    },
    "sounds/mob/spider/say1.ogg": {
      "hash": "65b49739d48ebc47879ca5528c8283329980b304",
      "size": 9045
    },
    "sounds/mob/spider/say2.ogg": {
      "hash": "501b40b97ee55cb7a97943ee620aa05131089fc2",
      "size": 7405
    },
    "sounds/mob/spider/say3.ogg": {
      "hash": "f9f79162efa6667b753c1fbb46ff9888e8ce5f32",
      "size": 7709
    },
    "sounds/mob/spider/say4.ogg": {
      "hash": "3cf3e8d3aab0a3092f6c6bf681ff156bc9653859",
      "size": 6343
    },
    "sounds/mob/spider/step1.ogg": {
      "hash": "8f7ff84e460ca507f654168f1d24e82637517940",
      "size": 8826
    },
    "sounds/mob/spider/step2.ogg": {
      "hash": "a8eb0b1ce4abb53334ab75be82dc465135c4a27a",
      "size": 9695
    },
    "sounds/mob/spider/step3.ogg": {
      "hash": "efa5acfa08b210ba3087b535c40549c0ed8916f0",
      "size": 9237
    },
    "sounds/mob/spider/step4.ogg": {
      "hash": "7d801582e08be973d1a41469d1b92916278d1e88",
      "size": 9326
    },
    "sounds/mob/villager/death.ogg": {
      "hash": "97c65b93b9bff839786e23d8cb7c98ef3be4fe2d",
      "size": 8428
    },
    "sounds/mob/villager/haggle1.ogg": {
      "hash": "57aead4d024109b4ed37dcf4c73ae44ed06f04a8",
      "size": 7104
    },
    "sounds/mob/villager/haggle2.ogg": {
      "hash": "d14112bd7351ef48f193aa27b4517d4b0960f7b1",
      "size": 6911
    },
    "sounds/mob/villager/haggle3.ogg": {
      "hash": "4e477f55b9c4875f69cb44a2aabab4b14aefd129",
      "size": 6891
    },
    "sounds/mob/villager/hit1.ogg": {
      "hash": "101e3535d3f482acb6d1d0259d53d12b25979788",
      "size": 5843
    },
    "sounds/mob/villager/hit2.ogg": {
      "hash": "1d20194a6b2f883be478830f129e017257374629",
      "size": 5455
    },
    "sounds/mob/villager/hit3.ogg": {
      "hash": "242114e81d0f4858d91fe06b7e78b86eec3127cd",
      "size": 5424
    },
    "sounds/mob/villager/hit4.ogg": {
      "hash": "1882f71dee4f377dde08a517adc5f3c585d2d526",
      "size": 5160
    },
    "sounds/mob/villager/idle1.ogg": {
      "hash": "a772db3c8ac37dfeb3a761854fb96297257930ab",
      "size": 8605
    },
    "sounds/mob/villager/idle2.ogg": {
      "hash": "5df4a02b1ebc550514841fddb7d64b9c497d40b4",
      "size": 10948
    },
    "sounds/mob/villager/idle3.ogg": {
      "hash": "9a7fe638bb8b3b1060b3830c63c3ce3d03cdbe1f",
      "size": 7106
    },
    "sounds/mob/villager/no1.ogg": {
      "hash": "255f7e21123c3647bd80c973e6a73d7854b2a1be",
      "size": 7715
    },
    "sounds/mob/villager/no2.ogg": {
      "hash": "f224168e178eca861af133c78209b662c4d1e452",
      "size": 7051
    },
    "sounds/mob/villager/no3.ogg": {
      "hash": "9b8737d639df9e7ef99ceef49ce11df42eea9f12",
      "size": 8697
    },
    "sounds/mob/villager/yes1.ogg": {
      "hash": "be73a79fb1ab966887a8b88bed9aa6b3d9173d71",
      "size": 9191
    },
    "sounds/mob/villager/yes2.ogg": {
      "hash": "32317250b0c0ee18ed1e0c4ae3364fa796433b0a",
      "size": 11025
    },
    "sounds/mob/villager/yes3.ogg": {
      "hash": "893e37d8d608cccd9c2404e785597c6a7c5f3593",
      "size": 6712
    },
    "sounds/mob/wither/death.ogg": {
      "hash": "ae27c6817985a9acb0a0fdefab89ff5d82dbe009",
      "size": 62674
    },
    "sounds/mob/wither/hurt1.ogg": {
      "hash": "550da80d936e05a7bfda43ca5d8af5b3779320f1",
      "size": 16650
    },
    "sounds/mob/wither/hurt2.ogg": {
      "hash": "8072827813f0bffb9847e636245edebb5ddab198",
      "size": 16744
    },
    "sounds/mob/wither/hurt3.ogg": {
      "hash": "a4cf4ebe4c475cd6a4852d6b4228a4b64cf5cb00",
      "size": 16731
    },
    "sounds/mob/wither/hurt4.ogg": {
      "hash": "72a006be3bd693aa23cc2f8e9c9d13ea6f829aa1",
      "size": 16699
    },
    "sounds/mob/wither/idle1.ogg": {
      "hash": "22ed26394cb6f6b5eeb2ceb54fb50608798d19e8",
      "size": 19699
    },
    "sounds/mob/wither/idle2.ogg": {
      "hash": "6b2f86a35a3cd88320b55c029d77659915f83239",
      "size": 19332
    },
    "sounds/mob/wither/idle3.ogg": {
      "hash": "79afbeabcdbb063cfa00d544dc00beac8543a581",
      "size": 19307
    },
    "sounds/mob/wither/idle4.ogg": {
      "hash": "e3f90fb5afaf84475dd31dca6f65378a455d17f7",
      "size": 19355
    },
    "sounds/mob/wither/shoot.ogg": {
      "hash": "78ee5b46b6615191b7a16d259fcbda273762297e",
      "size": 11481
    },
    "sounds/mob/wither/spawn.ogg": {
      "hash": "d8caaead680c20a4f51361587aeddd57a3357a72",
      "size": 151896
    },
    "sounds/mob/wolf/bark1.ogg": {
      "hash": "2452c64a55eaef86bf1b668bb4d5f3b641cd8f25",
      "size": 5398
    },
    "sounds/mob/wolf/bark2.ogg": {
      "hash": "9f1708a6409d04370ec12d0add015b11abbd5371",
      "size": 5447
    },
    "sounds/mob/wolf/bark3.ogg": {
      "hash": "1ddae4e8dfa605e27ec8278b3e312597b674437e",
      "size": 5645
    },
    "sounds/mob/wolf/death.ogg": {
      "hash": "77a5d445ed9ee588846947ac3df63f84be6d569d",
      "size": 7474
    },
    "sounds/mob/wolf/growl1.ogg": {
      "hash": "0b29f5ce8c4c10fa4184e5d29244f3bc121468a0",
      "size": 12761
    },
    "sounds/mob/wolf/growl2.ogg": {
      "hash": "f57577fe6915175f9e4576e8d73ad4077a381433",
      "size": 10311
    },
    "sounds/mob/wolf/growl3.ogg": {
      "hash": "69ef2fe8d6a744689953fd692d0106b0b2d2a9ce",
      "size": 13663
    },
    "sounds/mob/wolf/howl1.ogg": {
      "hash": "84556bac99c01ad006552cf5d96494817e9b1700",
      "size": 16994
    },
    "sounds/mob/wolf/howl2.ogg": {
      "hash": "cdb0293c5e2bdbda21798af4e61a4c171c8b1ec0",
      "size": 18136
    },
    "sounds/mob/wolf/hurt1.ogg": {
      "hash": "71b5fc7aa050892f8c9a9ed2713cc1ad8874742a",
      "size": 6164
    },
    "sounds/mob/wolf/hurt2.ogg": {
      "hash": "bc2f6a5a1b6646eac1681b7414b098089aedf3c6",
      "size": 6082
    },
    "sounds/mob/wolf/hurt3.ogg": {
      "hash": "a5b3f3cdda4d6e13629ccd0e2a38e1f06baa491a",
      "size": 6381
    },
    "sounds/mob/wolf/panting.ogg": {
      "hash": "c2e4001d9ae8fc1f066a914170faad4c45a84e1e",
      "size": 7380
    },
    "sounds/mob/wolf/shake.ogg": {
      "hash": "3d95ea49e91b4295859b193bb41b009b92250a44",
      "size": 13502
    },
    "sounds/mob/wolf/step1.ogg": {
      "hash": "b6a62224be809aa0c0747bee94499f0ee51ca2b6",
      "size": 4777
    },
    "sounds/mob/wolf/step2.ogg": {
      "hash": "4ba55627b6b9ce64b4a48a00c990d5855b6064cf",
      "size": 4766
    },
    "sounds/mob/wolf/step3.ogg": {
      "hash": "30e920526eb5855065b873e30d17b4d85bfbe570",
      "size": 4745
    },
    "sounds/mob/wolf/step4.ogg": {
      "hash": "d7d5be6092d00c2f7f68bdcbf10ea3ac3cfea30c",
      "size": 4869
    },
    "sounds/mob/wolf/step5.ogg": {
      "hash": "3610feb2a1a575026cfa3ab44965d114e74ea583",
      "size": 5143
    },
    "sounds/mob/wolf/whine.ogg": {
      "hash": "fcf4f90c452b7b511d50e3959ae05036d13a7cf8",
      "size": 7846
    },
    "sounds/mob/zombie/death.ogg": {
      "hash": "6e0488ab07b9539fbaebc093f194bb6a95b2caec",
      "size": 9836
    },
    "sounds/mob/zombie/hurt1.ogg": {
      "hash": "f35e14af35d1d12244dac9e655f4e31d4ef84e1b",
      "size": 11047
    },
    "sounds/mob/zombie/hurt2.ogg": {
      "hash": "bc85d96a99e84a234cbe23841f87e84e71198be3",
      "size": 11005
    },
    "sounds/mob/zombie/infect.ogg": {
      "hash": "c18fb5eacf0fdb33c05eb806bc41332cccee43d8",
      "size": 20085
    },
    "sounds/mob/zombie/metal1.ogg": {
      "hash": "d5b2d34e0c07a6c09c1adb17a15e50a626a88bc1",
      "size": 8632
    },
    "sounds/mob/zombie/metal2.ogg": {
      "hash": "6c5a03460012d7b76c16d0dbaa01c443a6ba094e",
      "size": 8889
    },
    "sounds/mob/zombie/metal3.ogg": {
      "hash": "322374d89ed809e75005cdc4f6479c959e15aee2",
      "size": 8843
    },
    "sounds/mob/zombie/remedy.ogg": {
      "hash": "8ed3945df8b9264c6451c153357475482d9f2066",
      "size": 38114
    },
    "sounds/mob/zombie/say1.ogg": {
      "hash": "b5bc9775243437d87317ab3a66ec8a4d5b96c83d",
      "size": 16877
    },
    "sounds/mob/zombie/say2.ogg": {
      "hash": "bf5086623d5c6735271074b263116fb914ed79b5",
      "size": 15423
    },
    "sounds/mob/zombie/say3.ogg": {
      "hash": "7eb3affa45f47f919e74523a55185e65c2081d12",
      "size": 19806
    },
    "sounds/mob/zombie/step1.ogg": {
      "hash": "9680c9dcd637ddea8e10a0d73705aa155d04a132",
      "size": 13871
    },
    "sounds/mob/zombie/step2.ogg": {
      "hash": "e8dcca0e494a3f479f58f581c9a8e297cc92f4e7",
      "size": 12214
    },
    "sounds/mob/zombie/step3.ogg": {
      "hash": "33acf13c25f65a432348e9476eda67d6a34831e3",
      "size": 11734
    },
    "sounds/mob/zombie/step4.ogg": {
      "hash": "69b6e589ec3d2c9063972545e83ed1f07e665094",
      "size": 9822
    },
    "sounds/mob/zombie/step5.ogg": {
      "hash": "b88bd8618c05232a7287799ea9246ae12f5da9d5",
      "size": 14377
    },
    "sounds/mob/zombie/unfect.ogg": {
      "hash": "403c56cd190fb7587a26bcd1b7d2abac598c3ec0",
      "size": 19917
    },
    "sounds/mob/zombie/wood1.ogg": {
      "hash": "fa73977dd28020544f7fe2553e5604a6865ec1a6",
      "size": 7761
    },
    "sounds/mob/zombie/wood2.ogg": {
      "hash": "dc86fbd59cf0e87cd35b22df2a2df899ab8c1f7f",
      "size": 7649
    },
    "sounds/mob/zombie/wood3.ogg": {
      "hash": "8184e851170619de93aa56244fb12c472a2ddd7d",
      "size": 8090
    },
    "sounds/mob/zombie/wood4.ogg": {
      "hash": "1028d0a373790e14c34786a925c4656bdaeb4c4d",
      "size": 7608
    },
    "sounds/mob/zombie/woodbreak.ogg": {
      "hash": "4e94ed53b6059d150c3bb2322b4af9ca9514bae1",
      "size": 10929
    },
    "sounds/mob/zombiepig/zpig1.ogg": {
      "hash": "ec4b0396dd2fc2da8fab91ddc35218d3426349b3",
      "size": 8536
    },
    "sounds/mob/zombiepig/zpig2.ogg": {
      "hash": "2cbbcdfb97939c469cd4ccaaac74504497c56695",
      "size": 10038
    },
    "sounds/mob/zombiepig/zpig3.ogg": {
      "hash": "c9f7fa36ae48eca0a1f6ce024fde5d3472d30b4d",
      "size": 5916
    },
    "sounds/mob/zombiepig/zpig4.ogg": {
      "hash": "e1187646b6256b92a1384f26ef2a7e56efcbe00d",
      "size": 7066
    },
    "sounds/mob/zombiepig/zpigangry1.ogg": {
      "hash": "cadbc5c34979baab1a93f5cf68a50f9bd44ef5a8",
      "size": 8946
    },
    "sounds/mob/zombiepig/zpigangry2.ogg": {
      "hash": "0349ce87fe856ddf8fdd94a559bb29061b002b6c",
      "size": 5789
    },
    "sounds/mob/zombiepig/zpigangry3.ogg": {
      "hash": "e0c88ca054666aae58b89abdcf377eae525aa13e",
      "size": 9061
    },
    "sounds/mob/zombiepig/zpigangry4.ogg": {
      "hash": "c76dea473821e2ae9a1f006a4eddfdd0703eecdf",
      "size": 9925
    },
    "sounds/mob/zombiepig/zpigdeath.ogg": {
      "hash": "40b8e244d03ae17483edd4571bd851e10a97050f",
      "size": 10357
    },
    "sounds/mob/zombiepig/zpighurt1.ogg": {
      "hash": "a2cfbea288280419ec0c8fb75d8ee5395536ac02",
      "size": 6935
    },
    "sounds/mob/zombiepig/zpighurt2.ogg": {
      "hash": "d1917b9be91d60a40dd0bf804580c1f494e9ae6d",
      "size": 6245
    },
    "sounds/music/game/calm1.ogg": {
      "hash": "50a59a4f56e4046701b758ddbb1c1587efa4cadf",
      "size": 2530812
    },
    "sounds/music/game/calm2.ogg": {
      "hash": "74da65c99aa578486efa7b69983d3533e14c0d6e",
      "size": 1976731
    },
    "sounds/music/game/calm3.ogg": {
      "hash": "14ae57a6bce3d4254daa8be2b098c2d99743cc3f",
      "size": 2232651
    },
    "sounds/music/game/creative/creative1.ogg": {
      "hash": "3fe4c878450d4dc2bf3ac304e547f20d4efabad8",
      "size": 4271435
    },
    "sounds/music/game/creative/creative2.ogg": {
      "hash": "591f41a2c5f53bcc60d7ded982fe29e76223a8ca",
      "size": 3704574
    },
    "sounds/music/game/creative/creative3.ogg": {
      "hash": "4f8c3f9b4f290f63c78bf3bbaad16906a3ccff29",
      "size": 3834148
    },
    "sounds/music/game/creative/creative4.ogg": {
      "hash": "4664de25eb2bfc88ebbd638cfae6934dd968ceaa",
      "size": 3668042
    },
    "sounds/music/game/creative/creative5.ogg": {
      "hash": "45cb6cbbff2d7fc1daefbd85b031fd9dcfc70e7b",
      "size": 5532231
    },
    "sounds/music/game/creative/creative6.ogg": {
      "hash": "6254527d626a2c7d80901cc2e62dce3ba4bd81f6",
      "size": 5468843
    },
    "sounds/music/game/end/boss.ogg": {
      "hash": "b9eef13c2337a6335c4523858619ca560dff4496",
      "size": 3329788
    },
    "sounds/music/game/end/credits.ogg": {
      "hash": "27fcacc68bb77f01b23ea9c9d36d9018f8509cdf",
      "size": 6065908
    },
    "sounds/music/game/end/end.ogg": {
      "hash": "47800737d078e751698df291054adc596ba8195a",
      "size": 9914930
    },
    "sounds/music/game/hal1.ogg": {
      "hash": "df1ff11b79757432c5c3f279e5ecde7b63ceda64",
      "size": 1972217
    },
    "sounds/music/game/hal2.ogg": {
      "hash": "ceaaaa1d57dfdfbb0bd4da5ea39628b42897a687",
      "size": 1754429
    },
    "sounds/music/game/hal3.ogg": {
      "hash": "dd85fb564e96ee2dbd4754f711ae9deb08a169f9",
      "size": 1923269
    },
    "sounds/music/game/hal4.ogg": {
      "hash": "5e7d63e75c6e042f452bc5e151276911ef92fed8",
      "size": 2558252
    },
    "sounds/music/game/nether/nether1.ogg": {
      "hash": "71cc853556f7ca5784c9e9fc8e0bd6778d13027b",
      "size": 2731933
    },
    "sounds/music/game/nether/nether2.ogg": {
      "hash": "5a7ce2181203dd558cbd55d02081b9e95a07f16f",
      "size": 2783300
    },
    "sounds/music/game/nether/nether3.ogg": {
      "hash": "b0b12118a97ddd733a50e9382e91a21652568641",
      "size": 2460079
    },
    "sounds/music/game/nether/nether4.ogg": {
      "hash": "e2ee9a161e2d6ea2452e5320edf8b4b01b63e350",
      "size": 2771287
    },
    "sounds/music/game/nuance1.ogg": {
      "hash": "cc1a80b6becfc6d6489c069f053d0a8adc71c339",
      "size": 156322
    },
    "sounds/music/game/nuance2.ogg": {
      "hash": "78152dc42b036e0de7616e6e669ce5a81d17f82a",
      "size": 219029
    },
    "sounds/music/game/piano1.ogg": {
      "hash": "0f374764aafba398f4ba90dba05a53a9e6166138",
      "size": 542805
    },
    "sounds/music/game/piano2.ogg": {
      "hash": "98a918eb2694defd19726436d4b9dca9e7dd6a65",
      "size": 824333
    },
    "sounds/music/game/piano3.ogg": {
      "hash": "9528b6a76e7bac64ca1145cc682e8a8448cc04e5",
      "size": 2665984
    },
    "sounds/music/menu/menu1.ogg": {
      "hash": "c157c56846f0e50620f808fecd9d069423dd6c41",
      "size": 1744657
    },
    "sounds/music/menu/menu2.ogg": {
      "hash": "783ddccf4681a0c50d3e651f4e6ac27a0f4ea76f",
      "size": 1809290
    },
    "sounds/music/menu/menu3.ogg": {
      "hash": "87722a59c8d488370f3d430cd4c97a3161081785",
      "size": 1724614
    },
    "sounds/music/menu/menu4.ogg": {
      "hash": "15f38314274e759c44f50ac641d11bde12474a25",
      "size": 2017245
    },
    "sounds/note/bass.ogg": {
      "hash": "e28d844995368de1d45c724a5d371c9952ae5ed4",
      "size": 5479
    },
    "sounds/note/bassattack.ogg": {
      "hash": "037b9fb7f74381f354739d015193dc4a6897f620",
      "size": 5574
    },
    "sounds/note/bd.ogg": {
      "hash": "1afefaa39a53606d2737bab9cb3409350cb2dc9f",
      "size": 3850
    },
    "sounds/note/harp.ogg": {
      "hash": "46244605b8663a29cdce7bccc5b2d038241e32ee",
      "size": 6137
    },
    "sounds/note/hat.ogg": {
      "hash": "fd2b6f745b05a2cf44a4e010f72631de2e5099f6",
      "size": 3880
    },
    "sounds/note/pling.ogg": {
      "hash": "20d06589bd5ab81a73989bdac8ca59ecd4d66932",
      "size": 6274
    },
    "sounds/note/snare.ogg": {
      "hash": "6967f0af60f480e81d32f1f8e5f88ccafec3a40c",
      "size": 3969
    },
    "sounds/portal/portal.ogg": {
      "hash": "9a20be18fed05330f745a54eb8aeba11aac5403b",
      "size": 25153
    },
    "sounds/portal/travel.ogg": {
      "hash": "43388701fac432a567fe9fec421521e6348ad780",
      "size": 54283
    },
    "sounds/portal/trigger.ogg": {
      "hash": "301f32642b654addbd06a430768fead464fd24c4",
      "size": 24992
    },
    "sounds/random/anvil_break.ogg": {
      "hash": "705a155201cc388a0c0c6f7435ddbc0fcc56b5f2",
      "size": 13741
    },
    "sounds/random/anvil_land.ogg": {
      "hash": "934b16e82b94d5790175615303594f0ec28da4a0",
      "size": 9210
    },
    "sounds/random/anvil_use.ogg": {
      "hash": "88a792430dfff97582ab49b8dc9477cd9d4e5ebb",
      "size": 13633
    },
    "sounds/random/bow.ogg": {
      "hash": "87edc11141fb5a045f2ed830b545aaa73f96ee99",
      "size": 6658
    },
    "sounds/random/bowhit1.ogg": {
      "hash": "78f034d58779fb4d22b00ea249015a0dbf4e7b3f",
      "size": 11106
    },
    "sounds/random/bowhit2.ogg": {
      "hash": "c3cd0db760c980287b26ef9c0894f66c4250724e",
      "size": 10640
    },
    "sounds/random/bowhit3.ogg": {
      "hash": "0369a1236a4b9ca219fd3ad7d19d0b5237510b1e",
      "size": 13252
    },
    "sounds/random/bowhit4.ogg": {
      "hash": "9e5e2369fc354a082c861494cfe8767d327813d4",
      "size": 15430
    },
    "sounds/random/break.ogg": {
      "hash": "8bf3ecb0fe9a6a615f5995e3dd21b6c39adc21d5",
      "size": 6551
    },
    "sounds/random/breath.ogg": {
      "hash": "dd2f7209c2a58b0886beb34d49b0512b49adbb7e",
      "size": 14331
    },
    "sounds/random/burp.ogg": {
      "hash": "bdc648e04933df8ddcccc84b375d6556776d4331",
      "size": 6337
    },
    "sounds/random/chestclosed.ogg": {
      "hash": "056393a33a9633685c3dc3be2887f5cbd7dbc63f",
      "size": 7779
    },
    "sounds/random/chestopen.ogg": {
      "hash": "186d5d9481d59cc99bc4be1b5fbb98d0ef877b8e",
      "size": 8703
    },
    "sounds/random/classic_hurt.ogg": {
      "hash": "9d485556b89bf776042080774679c37300bc744b",
      "size": 11499
    },
    "sounds/random/click.ogg": {
      "hash": "2fe092579d9637e2d160319820ee08e60a237bb7",
      "size": 7046
    },
    "sounds/random/door_close.ogg": {
      "hash": "9ea8a9e105321891bda18b9007b383b40aa7c076",
      "size": 6510
    },
    "sounds/random/door_open.ogg": {
      "hash": "5bb5a04e776d69ca12b1d7bc369975f9bf62e741",
      "size": 7536
    },
    "sounds/random/drink.ogg": {
      "hash": "857b75738992d25e338dee640ab191323bcbf798",
      "size": 7734
    },
    "sounds/random/eat1.ogg": {
      "hash": "dfee39084c771182f6b9e7cfb8c8bc4e255747bc",
      "size": 5678
    },
    "sounds/random/eat2.ogg": {
      "hash": "d26bde554d88f0ca156baf471c44ce2c0e68176c",
      "size": 5677
    },
    "sounds/random/eat3.ogg": {
      "hash": "9f2c4bab5ed55f1714fffa223985c81babc8f6c0",
      "size": 5813
    },
    "sounds/random/explode1.ogg": {
      "hash": "cd46e41023887558b134547e28327de6e7df189a",
      "size": 19732
    },
    "sounds/random/explode2.ogg": {
      "hash": "a116e396d95a0ee245000dd4cdcc333d38ea9e3b",
      "size": 25246
    },
    "sounds/random/explode3.ogg": {
      "hash": "a94a69e56568f5789cab05382cfd81f601189fd1",
      "size": 25298
    },
    "sounds/random/explode4.ogg": {
      "hash": "f259be40364341edcaf88e339bc24ab01e49845a",
      "size": 25090
    },
    "sounds/random/fizz.ogg": {
      "hash": "c649e60ea9a99c97501a50d2dc4e579343e91ea8",
      "size": 17002
    },
    "sounds/random/fuse.ogg": {
      "hash": "a92ba2b8f6abc41aa8d679ad808a81d0aafa04b2",
      "size": 29271
    },
    "sounds/random/glass1.ogg": {
      "hash": "7274a2231ed4544a37e599b7b014e589e5377094",
      "size": 7443
    },
    "sounds/random/glass2.ogg": {
      "hash": "87c47bda3645c68f18a49e83cbf06e5302d087ff",
      "size": 7532
    },
    "sounds/random/glass3.ogg": {
      "hash": "ad7d770b7fff3b64121f75bd60cecfc4866d1cd6",
      "size": 7592
    },
    "sounds/random/levelup.ogg": {
      "hash": "b9c60e807ba770e8c4a2b1bae81d51813dc64b6c",
      "size": 15799
    },
    "sounds/random/orb.ogg": {
      "hash": "e9833a1512b57bcf88ac4fdcc8df4e5a7e9d701d",
      "size": 7139
    },
    "sounds/random/pop.ogg": {
      "hash": "8f45b5faf6dfae2065846d26612f7552b73640dd",
      "size": 4193
    },
    "sounds/random/splash.ogg": {
      "hash": "22a491f266f5c3cdd6e669a9493daaf40c9c8575",
      "size": 11333
    },
    "sounds/random/successful_hit.ogg": {
      "hash": "e9833a1512b57bcf88ac4fdcc8df4e5a7e9d701d",
      "size": 7139
    },
    "sounds/random/wood_click.ogg": {
      "hash": "b210a3c371441b77fe873133b2cb7b63e367b2f3",
      "size": 4385
    },
    "sounds/records/11.ogg": {
      "hash": "f86c466225dad2f32c90981485c1965671b3e8e6",
      "size": 591997
    },
    "sounds/records/13.ogg": {
      "hash": "9cbed0e40296f68c61090c9b81816061e068a0ec",
      "size": 1071028
    },
    "sounds/records/blocks.ogg": {
      "hash": "9b2a01e0d0456b8fbe33557fbc19d4fe342f94d6",
      "size": 2587419
    },
    "sounds/records/cat.ogg": {
      "hash": "d1eb3d2e39bf1f6289cfcbca44e1c9bb508b20f0",
      "size": 1286636
    },
    "sounds/records/chirp.ogg": {
      "hash": "ec8a2cbdf68b4e2136098ec33695e1c53625ddb8",
      "size": 1379756
    },
    "sounds/records/far.ogg": {
      "hash": "f46c38e7d6d7b19d5d68aa18b557215738deb36a",
      "size": 1285938
    },
    "sounds/records/mall.ogg": {
      "hash": "83233451430516d839eaee855a2f789b8985d457",
      "size": 1430016
    },
    "sounds/records/mellohi.ogg": {
      "hash": "6b44d0539073353b7a05330ccddc5735ba5efca4",
      "size": 663709
    },
    "sounds/records/stal.ogg": {
      "hash": "2c4f3f8f259dc782867727311fea30875ecc3917",
      "size": 1180789
    },
    "sounds/records/strad.ogg": {
      "hash": "f34afa3ba5f756e90a1f61023bbe069ee8442608",
      "size": 1558180
    },
    "sounds/records/wait.ogg": {
      "hash": "876655d1691803f4cef17a6288d971285be79c6a",
      "size": 1845255
    },
    "sounds/records/ward.ogg": {
      "hash": "f685021d4f26d6b590bffb341908e25e92e18cef",
      "size": 1987588
    },
    "sounds/step/cloth1.ogg": {
      "hash": "5fd568d724ba7d53911b6cccf5636f859d2662e8",
      "size": 4832
    },
    "sounds/step/cloth2.ogg": {
      "hash": "56c1d0ac0de2265018b2c41cb571cc6631101484",
      "size": 4862
    },
    "sounds/step/cloth3.ogg": {
      "hash": "9c63f2a3681832dc32d206f6830360bfe94b5bfc",
      "size": 4897
    },
    "sounds/step/cloth4.ogg": {
      "hash": "55da1856e77cfd31a7e8c3d358e1f856c5583198",
      "size": 4844
    },
    "sounds/step/grass1.ogg": {
      "hash": "227ab99bf7c6cf0b2002e0f7957d0ff7e5cb0c96",
      "size": 7126
    },
    "sounds/step/grass2.ogg": {
      "hash": "5c971029d9284676dce1dda2c9d202f8c47163b2",
      "size": 8131
    },
    "sounds/step/grass3.ogg": {
      "hash": "76de0a736928eac5003691d73bdc2eda92116198",
      "size": 7013
    },
    "sounds/step/grass4.ogg": {
      "hash": "bc28801224a0aa77fdc93bb7c6c94beacdf77331",
      "size": 7377
    },
    "sounds/step/grass5.ogg": {
      "hash": "813ebd91b9c3fe1ac8f89f13c85d0755678f2165",
      "size": 7801
    },
    "sounds/step/grass6.ogg": {
      "hash": "b88cafe403394cdcd4de0e3aeb7b76f24170c6fe",
      "size": 7709
    },
    "sounds/step/gravel1.ogg": {
      "hash": "1d761cb3bcb45498719e4fba0751e1630e134f1a",
      "size": 7757
    },
    "sounds/step/gravel2.ogg": {
      "hash": "ac7a7c8d106e26abc775b1b46150c083825d8ddc",
      "size": 7921
    },
    "sounds/step/gravel3.ogg": {
      "hash": "c109b985a7e6d5d3828c92e00aefa49deca0eb8c",
      "size": 7488
    },
    "sounds/step/gravel4.ogg": {
      "hash": "a47adece748059294c5f563c0fcac02fa0e4bab4",
      "size": 8075
    },
    "sounds/step/ladder1.ogg": {
      "hash": "d6212a1d5feb88d76b9a83ce5a27ab4e6d4c20bb",
      "size": 6021
    },
    "sounds/step/ladder2.ogg": {
      "hash": "fd446ad40d24edfe4fb789a6065276e164ea4b61",
      "size": 6125
    },
    "sounds/step/ladder3.ogg": {
      "hash": "3fee58d7b2c99ddbce962618176637574ae8d67b",
      "size": 6281
    },
    "sounds/step/ladder4.ogg": {
      "hash": "f78ede81160002fc0561218c7ecd97e91cccab7c",
      "size": 6182
    },
    "sounds/step/ladder5.ogg": {
      "hash": "e9a1caaddcde79cdac7aa8eabde50d4cfd1bc578",
      "size": 6077
    },
    "sounds/step/sand1.ogg": {
      "hash": "9813c8185197f4a4296649f27a9d738c4a6dfc78",
      "size": 5123
    },
    "sounds/step/sand2.ogg": {
      "hash": "bd1750c016f6bab40934eff0b0fb64c41c86e44b",
      "size": 5114
    },
    "sounds/step/sand3.ogg": {
      "hash": "ab07279288fa49215bada5c17627e6a54ad0437c",
      "size": 5144
    },
    "sounds/step/sand4.ogg": {
      "hash": "a474236fb0c75bd65a6010e87dbc000d345fc185",
      "size": 5321
    },
    "sounds/step/sand5.ogg": {
      "hash": "9fd6d2c633d276b952f2ff2aaa1fa7e5fb5efd2a",
      "size": 5182
    },
    "sounds/step/snow1.ogg": {
      "hash": "e9bab7d3d15541f0aaa93fad31ad37fd07e03a6c",
      "size": 6532
    },
    "sounds/step/snow2.ogg": {
      "hash": "5887d10234c4f244ec5468080412f3e6ef9522f3",
      "size": 6567
    },
    "sounds/step/snow3.ogg": {
      "hash": "a4bc069321a96236fde04a3820664cc23b2ea619",
      "size": 6540
    },
    "sounds/step/snow4.ogg": {
      "hash": "e26fa3036cdab4c2264ceb19e1cd197a2a510227",
      "size": 6501
    },
    "sounds/step/stone1.ogg": {
      "hash": "4a2e3795ffd4d3aab0834b7e41903af3a8f7d197",
      "size": 8012
    },
    "sounds/step/stone2.ogg": {
      "hash": "22a383d9c22342305a4f16fec0bb479a885f8da2",
      "size": 7086
    },
    "sounds/step/stone3.ogg": {
      "hash": "a533e7ae975e62592de868e0d0572778614bd587",
      "size": 6631
    },
    "sounds/step/stone4.ogg": {
      "hash": "d5218034051a13322d7b5efc0b5a9af739615f04",
      "size": 7520
    },
    "sounds/step/stone5.ogg": {
      "hash": "48dd05ab2e4626d74206c2b09a628a3d59ce15e9",
      "size": 7752
    },
    "sounds/step/stone6.ogg": {
      "hash": "c4810a3de80cb57f9cdf8deaacfd36cb619cdf0b",
      "size": 8178
    },
    "sounds/step/wood1.ogg": {
      "hash": "afb01196e2179e3b15b48f3373cea4c155d56b84",
      "size": 8985
    },
    "sounds/step/wood2.ogg": {
      "hash": "1e82a43c30cf8fcbe05d0bc2760ecba5d2320314",
      "size": 9150
    },
    "sounds/step/wood3.ogg": {
      "hash": "27722125968ac60c0f191a961b17e406f1351c6e",
      "size": 9368
    },
    "sounds/step/wood4.ogg": {
      "hash": "29586f60bfe6f521dbc748919d4f0dc5b28beefd",
      "size": 9651
    },
    "sounds/step/wood5.ogg": {
      "hash": "85ff970401cb1ef2e812f943077ab96549315d0a",
      "size": 11520
    },
    "sounds/step/wood6.ogg": {
      "hash": "944bc8b8e1e135340dc4afc6d3416a01222674a1",
      "size": 9093
    },
    "sounds/tile/piston/in.ogg": {
      "hash": "594be3eaea9a2b92095eeeb3b1e01e755dcb8ce2",
      "size": 5900
    },
    "sounds/tile/piston/out.ogg": {
      "hash": "cb017131516de9359cb81fb991f5b3694044f8db",
      "size": 6059
    }
  }
}